MedInc,HouseAge,AveRooms,AveOccup,Latitude,Longitude,Price
9.771689,2,5,4,34.620502,-116.767052,615254.398742
13.436604,6,10,7,32.801935,-123.5162,812096.289339
9.229272,36,4,7,34.594186,-118.31271,572406.645668
0.594232,52,3,7,35.73238,-122.867465,135432.907221
5.380621,6,7,2,35.910304,-120.888465,376483.136722
1.130031,30,9,2,41.7446,-120.525389,204705.613127
12.526368,40,6,4,39.193432,-124.018844,701108.227565
4.696125,6,4,2,36.111199,-119.739192,363217.292664
2.858484,23,4,5,39.167293,-117.32275,186564.450958
9.707185,35,4,3,36.891472,-121.665548,608398.367962
10.478348,15,6,1,34.675957,-124.162947,619962.704806
4.382243,14,10,6,34.519952,-119.258072,420580.465389
9.821352,10,5,3,34.842961,-118.605635,572341.760852
8.976497,38,7,6,34.583547,-114.025855,564777.479368
1.818186,4,2,3,38.460737,-116.183167,155125.29668
1.421152,25,10,8,37.526586,-114.303677,264635.570223
0.666475,47,2,5,39.801688,-120.928158,63173.762865
2.793287,1,5,3,37.322976,-123.382686,261694.369357
12.704206,33,10,4,33.951973,-116.493637,792648.203012
11.790084,34,1,6,37.141754,-123.325389,620802.276718
14.78716,52,5,4,33.050289,-115.280899,868052.94453
1.741975,32,2,3,33.719719,-119.509535,150079.109349
4.343321,39,7,4,41.324678,-116.569715,350652.81321
10.83776,26,6,8,41.046334,-119.759396,625678.561367
1.428375,2,10,4,38.090181,-124.424496,261202.844655
1.35367,5,1,6,33.173145,-122.000951,144081.27783
3.606434,9,10,8,34.808474,-119.533784,336527.696149
1.867724,43,7,6,36.523997,-119.596241,228793.784946
10.263786,42,2,1,36.324902,-120.937323,602356.553635
4.105517,13,9,8,33.831732,-122.573376,353038.65684
13.180046,5,8,2,32.980589,-114.007534,836105.058508
14.550446,49,4,3,36.360934,-119.445737,837487.339403
13.585422,11,7,1,41.860434,-121.715368,836178.160195
7.097621,28,9,8,33.97057,-121.384568,545751.986497
8.898114,35,1,6,33.04307,-118.366135,489690.738292
12.864438,11,1,2,40.587754,-123.780526,656517.986338
12.996378,26,2,4,37.999731,-124.082713,669017.240549
10.031911,37,9,6,41.379709,-122.355278,662714.730079
3.960946,26,3,5,36.843633,-114.745308,314620.728744
0.635074,40,10,2,33.195977,-122.26188,158273.741475
14.032261,5,4,6,35.20738,-119.899062,801434.846226
4.886499,52,9,1,38.8447,-118.676676,419500.553944
2.002004,9,5,2,40.952271,-116.704625,171144.990977
4.585466,14,6,4,39.031223,-115.544415,344814.20581
4.141258,4,2,7,40.378807,-124.037089,262418.553861
2.396885,17,3,8,37.740964,-120.009287,148311.219961
1.591036,45,3,1,40.428653,-118.38365,107861.178557
2.34796,20,6,1,41.039784,-122.294196,204350.973922
1.990508,50,9,7,41.751452,-116.630485,275101.782257
3.932691,11,3,7,32.73547,-116.766073,260353.096795
13.99683,52,4,5,34.01238,-117.136579,760095.67226
1.061507,31,4,4,40.257573,-119.666816,116094.436734
12.03251,15,4,1,38.770315,-120.316107,669985.806102
1.506601,50,5,6,38.594077,-120.303377,208445.01872
8.275128,2,2,5,34.196394,-114.39339,463303.036252
2.071837,28,6,6,36.645742,-114.165524,173156.428403
13.542819,13,5,1,39.23346,-124.482242,823198.46655
8.307554,47,4,6,36.597325,-114.536818,531954.785622
9.535753,43,2,5,37.317664,-117.497625,511905.940486
10.609522,36,3,4,36.49424,-114.626181,616207.894527
13.59068,40,10,5,36.357714,-115.745886,809921.494927
3.547649,51,10,6,36.917388,-119.857322,293252.590099
7.3612,51,3,2,35.195971,-117.529535,440486.080536
1.854114,49,4,5,34.634086,-122.409136,118648.238773
4.050217,31,10,2,36.826454,-115.195562,364577.939941
10.916016,25,8,7,34.817852,-117.611391,629855.281814
11.388985,50,2,7,34.578991,-116.056847,638040.427641
7.235973,36,4,2,36.836387,-116.085126,458556.423259
14.824441,39,6,8,38.320197,-116.947623,844199.866482
12.543253,36,8,3,39.564727,-119.515918,731081.804847
4.084976,41,5,8,38.45411,-121.616727,251497.135386
4.643058,18,6,6,40.983755,-123.653935,310235.965801
6.054012,10,4,2,36.441245,-121.025745,392293.030335
1.402853,27,7,1,40.638954,-116.461257,178680.752893
0.585493,23,5,7,40.607756,-114.488981,119676.778263
11.338977,35,10,4,37.13818,-121.634179,718013.04938
6.138429,43,7,3,40.484804,-114.844813,467493.647752
8.244793,26,10,1,33.297501,-119.999566,605924.78556
3.135071,17,7,6,34.510773,-121.068119,308376.520789
5.99733,49,7,5,40.431654,-119.561778,434268.926108
1.255241,23,4,2,39.921714,-117.656576,174685.370406
14.26937,13,1,3,34.766177,-119.527609,730407.444611
14.242477,30,5,6,34.093997,-118.123901,831916.415196
2.160727,11,5,2,37.997505,-114.746685,220116.022841
13.666379,25,7,4,33.221967,-117.248549,817543.18956
1.977569,50,5,2,40.064159,-118.557708,137985.363021
8.224806,43,6,2,37.306628,-120.917073,546697.8627
12.423798,7,7,6,38.538059,-115.798573,772420.764371
6.814564,47,9,5,38.351167,-114.844015,502692.345037
7.24067,47,10,5,35.561894,-121.922301,551995.687861
4.54446,29,4,8,37.913572,-117.484021,294362.661989
7.667444,21,3,8,34.515139,-116.12276,442906.084316
13.26464,45,5,1,37.407959,-122.493908,724867.605037
6.393208,36,4,8,38.636078,-119.346376,428953.686813
1.849274,15,7,4,35.408957,-118.393666,216289.748876
8.198368,28,9,6,35.8422,-119.735675,534580.699135
3.842802,47,4,6,33.63577,-118.873428,292859.060948
3.184673,14,8,5,39.383558,-114.245626,300697.336911
4.603481,7,4,5,34.66109,-122.615864,276088.886726
8.244959,18,1,1,37.75691,-117.177117,427875.899296
13.092687,32,2,1,37.95361,-119.571332,706681.229814
3.173273,4,5,8,33.583828,-123.813894,265838.306029
8.866807,44,1,3,33.917377,-118.590184,463723.901184
14.911813,8,9,7,38.260018,-116.197221,872159.363707
8.077302,29,8,5,40.671583,-114.104672,515903.124432
9.504896,40,2,4,38.442393,-121.721216,487363.546547
3.978045,36,2,3,32.525419,-119.769711,264283.369512
4.72326,15,5,5,39.178382,-119.732671,357401.492007
13.89671,51,10,4,36.53882,-118.782095,854098.97234
13.671966,10,2,1,34.076266,-121.270076,777494.072207
8.753502,19,8,2,36.952631,-121.307042,564425.951916
4.44757,35,8,8,33.264198,-124.081462,344081.366416
5.173663,17,1,2,34.674782,-117.419867,348234.837282
9.013283,2,5,1,39.749536,-122.660497,561560.534099
6.912326,18,3,7,38.530455,-119.336879,381740.540629
5.545435,22,6,2,40.648464,-121.037062,407639.117398
4.679158,26,9,1,36.820846,-121.19757,361285.278628
14.567679,26,9,1,38.747774,-118.802767,864708.70708
3.219947,24,10,8,38.441383,-116.520099,289353.173835
8.463685,19,8,8,33.653548,-114.281958,570571.416708
3.969813,11,5,1,37.746388,-123.521303,352216.36394
13.737483,30,2,3,37.234567,-116.975665,746761.351507
4.464661,31,8,4,36.839471,-122.981259,322794.087095
9.190975,48,3,2,35.12435,-116.204935,513042.992355
14.046602,33,5,1,35.18697,-121.365164,804523.872241
14.984084,32,3,8,37.616515,-120.876199,824395.941707
8.379736,30,6,4,41.817359,-121.992542,514283.884893
12.912188,27,1,6,39.574699,-117.095107,725250.290256
6.098142,43,3,8,41.665832,-123.174414,415942.459018
5.313923,7,8,2,37.496535,-119.702255,430440.532757
6.44469,42,3,2,36.960161,-114.323362,371090.623405
10.544217,42,2,6,40.597243,-115.476907,568211.789752
5.091587,46,8,1,38.365865,-122.034912,396019.307441
4.666996,15,2,7,41.794208,-116.516118,320238.882933
1.957355,11,5,1,32.936914,-116.140494,181704.527597
5.935196,10,4,7,37.876317,-116.178546,356758.164907
1.645041,25,10,4,37.227839,-118.37685,212970.89443
9.749617,30,5,1,41.039631,-119.614841,561244.016575
8.425673,5,8,6,41.882691,-121.35888,610986.557282
10.509546,30,5,4,41.994049,-115.539978,581142.626742
6.029782,23,10,5,41.930574,-121.400077,507783.548458
10.044332,18,1,1,41.150861,-116.675692,588500.489967
13.592556,50,4,6,34.580543,-122.503614,727690.480004
11.455871,50,3,2,41.082335,-117.713424,614686.838395
6.891936,38,6,3,33.356267,-121.40134,472344.886494
3.046781,9,9,6,37.543098,-114.908387,338886.311957
4.226066,31,5,6,40.140209,-119.58252,263333.236091
11.435197,15,7,6,33.357877,-120.356967,674705.707835
2.292037,24,5,7,40.312964,-114.626935,173436.46022
3.890418,2,10,6,41.194931,-122.175644,319842.604116
12.445903,45,5,7,33.608421,-124.023858,663516.362822
14.940947,8,2,4,40.928963,-123.075527,812411.725689
10.22205,48,9,7,38.079733,-116.870709,683643.87839
9.996368,32,10,7,41.421004,-121.562729,672846.466375
3.65041,29,4,6,33.443869,-117.300357,270467.086148
14.678717,23,1,7,35.120874,-114.333828,829336.928826
12.450771,6,4,1,32.980496,-120.998154,766420.640394
11.911182,14,2,4,38.070639,-115.962944,635858.967905
11.728344,51,10,1,35.134111,-114.167705,779669.930437
8.333124,52,3,2,38.780048,-124.229308,428142.232723
11.954778,16,10,6,32.64992,-121.713641,722414.754371
6.603928,8,2,8,36.758615,-120.698591,409563.001787
7.054079,15,10,1,39.408808,-114.958107,531094.257368
4.87364,42,1,1,41.986574,-115.603365,277309.361928
2.065447,46,8,2,41.043034,-121.117826,191105.732566
2.329778,40,10,6,36.118592,-118.227386,245978.674595
7.830491,28,2,2,40.601531,-117.665375,478420.82301
10.952179,14,7,8,40.936865,-120.154958,707350.872478
6.281588,47,2,6,36.554258,-117.516367,352009.502344
2.713264,31,2,2,40.401833,-123.521084,153819.643257
11.212542,52,3,1,38.071418,-118.603343,603591.698142
2.272354,23,7,1,41.699787,-118.195694,221282.318569
8.879819,14,3,8,34.630326,-123.363707,557528.29186
5.829635,49,5,4,40.168603,-115.625871,424436.410213
12.367189,40,9,1,38.285452,-117.592772,775706.568786
0.919821,18,5,6,35.834722,-122.595242,111316.199034
10.031497,5,3,1,33.371698,-118.929932,572694.29057
7.077864,11,6,5,39.355162,-116.343226,477152.555661
1.731877,4,3,3,39.667141,-123.977494,128752.002753
6.925138,28,8,8,36.434746,-122.236526,479491.53058
5.505006,8,5,8,37.505874,-121.261596,353302.14355
14.774462,4,1,4,35.363484,-122.282043,762446.580526
4.205033,21,2,1,37.225161,-119.978122,236670.220176
8.222444,15,9,6,33.184717,-115.451474,515852.426156
0.771752,5,6,7,37.947297,-117.050261,149856.995984
2.170014,2,6,3,40.11256,-118.009685,262703.291307
13.836661,6,7,2,34.811507,-118.316851,825229.3043
6.238617,20,6,4,35.664152,-122.734607,424979.178454
2.153386,33,4,6,35.835447,-114.438655,203713.597617
2.641503,7,3,5,34.374082,-118.174811,240596.679555
10.004881,12,8,8,39.667235,-116.52129,635134.5757
13.900237,37,10,6,40.710345,-117.914217,811607.590139
1.490151,29,5,5,38.118488,-120.804607,127426.615617
7.195266,3,1,6,40.401118,-123.694324,456688.303393
12.901754,40,10,7,36.895761,-118.679678,824269.479727
13.490213,29,10,4,35.554504,-119.505895,795096.75767
1.397169,7,6,2,37.293216,-122.688131,163132.82236
6.847495,29,9,3,35.957031,-114.861664,474616.405952
11.729739,44,10,1,39.997656,-117.703294,691078.135428
1.870336,44,7,5,34.89396,-115.558554,251957.802865
9.239162,10,6,2,38.036025,-123.015002,563940.178754
14.531599,45,7,3,38.152892,-114.650977,819038.138742
5.96185,51,6,3,38.866106,-115.795931,418469.967213
10.438509,34,2,7,37.330641,-124.308579,559812.057006
14.291955,22,8,4,34.652159,-123.055564,807314.25843
12.744212,7,9,1,38.788328,-115.297876,803513.746549
9.160073,10,3,3,40.397778,-116.403473,569908.021964
2.900318,29,1,7,35.960844,-116.94435,239474.760341
9.353634,49,8,4,37.573106,-121.250587,620044.087109
7.300726,13,6,8,36.88596,-121.541397,468723.543419
8.148167,11,4,3,40.793518,-123.952112,497967.415546
5.882576,7,9,2,35.208099,-116.487273,425907.929959
13.62694,10,7,2,41.490926,-122.168601,805459.799022
5.568984,2,7,1,36.266313,-120.573404,400065.811804
1.683279,15,1,6,41.342846,-115.688649,153660.018429
11.975019,9,1,5,41.215264,-119.539223,689361.998593
11.503197,31,8,1,41.105646,-124.300459,677225.324447
2.668034,47,10,7,33.556275,-121.474933,260016.819459
1.192367,27,10,8,33.096668,-115.714779,216101.272224
8.27278,41,9,4,39.326171,-121.441644,501295.433593
5.615833,37,7,3,38.811527,-123.601053,443757.099095
1.48135,34,9,1,36.20931,-119.563582,228634.579147
14.725072,17,1,6,39.99094,-120.879574,813047.702145
9.609726,50,10,6,33.767391,-120.80086,609341.025818
9.820536,50,8,8,38.501491,-115.979274,568336.853703
11.754761,30,1,5,34.415114,-116.193353,673317.088562
5.076139,20,9,7,41.896666,-118.798178,377138.32652
11.422718,13,5,6,40.690316,-123.998058,690209.036756
4.461641,52,6,7,40.950122,-116.695269,358545.799496
6.106349,12,8,8,35.989796,-116.128446,421989.51958
1.697867,28,2,7,38.223306,-115.865417,149440.789734
5.157566,6,6,5,35.411711,-118.172473,369489.907288
10.50159,23,8,1,39.404737,-114.928124,671064.64822
6.806637,41,1,2,38.876247,-120.234793,383140.451946
11.373521,11,1,3,40.562358,-117.380067,618993.332494
2.330335,16,6,6,36.137117,-118.543931,241026.232885
10.3464,24,6,8,39.749302,-118.473821,630265.988154
6.271494,42,5,4,41.62494,-124.22791,371179.504947
8.007306,36,2,5,39.862163,-117.107603,427822.342542
9.372219,45,8,4,33.665056,-115.545324,587315.218525
13.530846,29,2,6,38.844478,-117.049825,741042.014749
4.710253,20,3,3,40.040116,-119.158065,273648.895508
3.414215,9,4,8,32.749698,-118.682775,251101.86655
12.153095,36,3,2,33.124607,-120.31932,697348.109851
7.440644,27,7,2,33.690604,-121.171209,449948.701977
7.254581,34,6,3,40.840621,-116.307239,481708.442937
3.138465,9,7,1,40.398213,-119.059928,266835.704281
2.848521,46,4,6,41.50109,-119.051573,195830.881026
1.643469,13,9,5,33.689118,-121.320342,237021.252977
7.787311,11,10,3,34.126406,-117.942969,594065.639369
5.395484,37,1,1,33.271617,-114.540258,340376.436879
4.337511,14,10,7,38.37203,-124.181998,418775.238145
8.410874,42,5,8,34.82634,-116.022832,500152.952674
7.07639,45,1,3,36.676252,-119.415363,363721.801356
9.296574,21,6,6,41.766054,-123.126955,563382.719805
8.643943,21,4,8,33.663958,-119.779242,483784.913501
1.233777,25,10,7,34.858568,-115.414271,185158.816213
5.247819,37,6,4,39.749653,-119.268212,367363.433923
7.732016,20,8,1,33.355466,-120.370957,518323.864219
3.990565,38,6,1,32.980134,-119.303611,340762.197637
9.986771,31,5,1,40.548137,-119.975258,632084.123092
11.048867,49,7,6,32.929803,-123.962844,668125.036517
5.756595,19,2,7,37.290428,-116.473757,330301.817762
14.841815,44,10,2,33.722302,-123.484844,877410.583632
14.808421,36,6,3,34.39105,-119.154214,844428.840357
1.156899,9,6,8,37.433661,-122.936123,214658.119208
2.526824,40,6,3,36.233069,-118.026745,262601.392736
9.109008,33,9,8,39.233028,-121.352199,628525.283324
5.841188,44,2,7,38.04517,-116.134074,366591.821255
10.476633,2,10,8,35.022539,-117.616295,740037.336402
8.887878,15,1,8,34.119865,-117.895235,510867.48055
12.696923,10,4,1,37.939418,-117.14453,696924.582783
6.895059,27,3,7,39.059752,-120.191037,444750.180181
13.847554,48,1,3,37.427491,-118.610689,780189.986841
7.436379,25,6,3,36.866804,-118.902166,485946.271924
10.300094,47,5,8,34.32651,-121.911549,607313.365081
3.760572,20,5,4,39.057279,-119.365468,286008.94232
8.62707,51,5,5,33.657804,-117.395466,503822.918537
14.712328,23,3,5,32.899632,-114.469206,768019.343601
13.89814,42,5,8,34.532875,-115.806507,761020.2722
8.649261,18,3,2,38.348932,-118.33828,483708.853841
10.212592,34,4,4,32.998666,-120.160336,613365.405625
1.957901,50,3,1,41.662928,-114.231938,124689.157621
9.966946,31,8,4,39.681155,-121.483927,607388.83413
1.357858,50,2,4,37.583947,-116.907264,160559.837975
13.741831,12,7,3,41.372265,-124.118432,848711.869811
11.925429,12,5,1,32.588038,-118.5364,661001.519077
14.753411,19,8,8,40.94797,-123.090901,874591.817352
4.456138,52,2,6,34.043695,-119.681398,246533.388023
3.199887,48,6,5,37.893922,-116.548531,225543.841384
12.914124,26,7,6,33.324009,-117.472814,735184.320105
2.538872,21,4,1,34.97746,-122.027027,239819.265178
14.333505,20,10,1,34.984755,-120.724703,850305.507742
10.182899,30,5,3,36.351458,-119.223535,643656.786982
10.701577,20,2,5,35.991667,-122.181083,644814.903686
7.433638,30,10,6,36.450533,-118.733038,523764.707688
8.294006,43,4,4,38.963248,-118.243948,519937.368982
8.119847,34,6,2,41.213825,-123.321808,543869.755396
13.591878,13,10,3,34.063103,-115.527897,837277.955266
10.364281,46,10,8,33.363946,-119.141059,696083.258318
7.074768,33,7,8,37.857156,-118.632629,488515.171223
4.968459,2,7,5,40.256306,-116.669053,389254.076506
1.156702,23,2,1,41.378537,-123.775299,163712.656258
0.960156,27,3,3,39.775363,-114.227501,135095.88181
6.595248,25,8,7,36.068633,-117.331331,479441.653813
8.319854,42,6,2,34.195499,-118.858786,519876.953954
11.053943,15,1,1,41.795661,-119.638459,629106.547501
6.649856,25,4,4,36.87594,-122.871226,386840.845124
13.190519,49,2,1,40.190043,-120.097974,735631.296751
13.314471,2,4,4,33.139264,-118.263586,757367.656625
10.244343,4,4,1,36.321521,-122.039438,579944.071018
13.024089,4,3,5,34.724534,-114.877831,742815.483558
8.873385,50,6,4,35.366762,-122.995765,556690.492381
3.70512,20,5,1,37.788822,-118.287495,308777.210932
3.039431,44,7,8,32.945399,-120.883644,278303.156531
6.026742,34,6,7,36.378462,-121.351171,374724.997875
8.29996,16,4,5,40.646642,-122.984307,501300.51595
1.335547,27,7,3,36.189981,-121.822546,170303.649362
1.646521,29,6,2,37.588538,-115.791234,144979.712911
5.968936,39,10,1,40.799394,-122.524285,475116.441754
11.002426,36,4,8,34.484446,-114.976155,610440.102563
13.680415,14,4,2,39.595353,-116.579527,816464.879678
10.586581,46,4,7,41.193701,-118.703167,631880.438206
6.019595,35,6,5,34.984835,-119.115426,405207.47931
1.929819,47,8,6,41.18614,-120.607598,210383.967058
8.656609,15,3,1,34.977354,-114.685038,519244.742604
6.554882,10,4,6,34.685177,-118.51721,395317.101638
8.484317,44,6,5,39.751926,-119.369478,546571.64464
11.224114,30,3,6,34.108024,-116.936708,631037.332125
13.795041,35,1,1,40.471151,-123.719531,766051.641085
1.203459,1,7,3,40.504175,-122.069949,214389.90637
0.632551,33,8,6,33.074276,-117.80385,204517.92211
13.734896,43,8,1,32.562817,-118.707743,762429.896813
8.176556,18,9,5,32.662855,-115.961849,575231.095212
12.189432,12,2,2,37.481661,-121.969827,689449.684241
4.160064,23,5,7,33.250683,-114.427373,302402.974555
4.026514,45,4,5,38.998395,-115.597395,292199.271956
12.944178,49,1,2,36.350144,-120.53972,682309.410013
9.732847,45,3,2,37.248655,-119.943949,578579.981079
8.704921,7,9,1,34.682782,-115.036634,608974.821245
8.71837,18,1,2,39.002073,-121.556083,493221.569833
10.042584,12,6,1,41.633957,-118.336121,643354.646985
10.834315,26,2,5,34.043277,-121.975042,636180.806009
6.142771,35,6,7,39.678288,-123.030519,460486.345791
11.000372,33,6,1,33.428015,-122.062488,613120.424657
9.274947,40,10,7,41.704745,-121.073045,627159.64474
11.861448,29,8,4,35.880206,-114.618,717757.194624
10.355575,43,7,2,39.83559,-121.398515,604923.728131
1.565847,18,3,7,39.260933,-117.844041,179257.878898
5.091834,7,2,1,41.458122,-119.830273,351226.34912
1.982356,6,3,7,36.764015,-118.67523,172922.217508
0.880798,23,9,2,38.170783,-116.263393,226911.717727
0.678939,27,7,2,39.386017,-118.624866,203719.970013
4.019767,34,3,7,34.110267,-121.676351,246829.029715
2.616055,11,7,5,36.500472,-119.415571,216994.88614
4.149646,16,8,4,36.849686,-123.07736,296159.036943
6.237534,40,7,6,36.682118,-119.97853,458230.224014
9.940034,39,3,5,35.546319,-114.553571,533586.84887
5.055658,26,6,5,39.481306,-117.854524,408559.208548
11.838628,21,7,5,40.256698,-120.374181,676820.182361
8.675832,38,9,3,38.97627,-118.723959,618092.061149
7.193522,46,4,8,40.078012,-115.771541,391591.967194
12.792925,51,7,8,33.822202,-121.320257,723414.418493
2.735077,28,7,2,36.766134,-118.221695,264978.251922
8.248327,45,7,1,40.011849,-120.72494,563466.501536
8.285137,41,2,2,39.805063,-117.595183,453257.731945
9.881498,3,10,7,41.684706,-121.018235,692198.006443
2.036196,7,5,4,37.351424,-119.052623,216361.629552
8.840913,29,6,7,36.8991,-117.364667,568589.380572
2.685802,2,8,2,35.306606,-114.834251,237875.579942
12.554107,47,3,6,35.462958,-119.719007,660892.082621
7.502427,31,2,8,39.358942,-119.749304,390338.784004
1.147904,46,2,1,40.56721,-117.696316,126109.133289
2.883134,48,4,3,37.743148,-121.024609,210793.638362
7.199785,52,7,3,34.270676,-117.598267,457547.487813
11.192131,13,8,7,36.19394,-117.100276,669684.997937
11.40872,52,2,2,40.095272,-118.862665,605015.302941
3.357577,8,5,8,37.513293,-117.78936,283575.932928
9.363972,38,2,6,35.843857,-119.692464,490451.351301
10.267039,52,5,2,38.885046,-121.21155,571209.222644
2.195759,24,3,7,36.473272,-123.052393,172158.946284
3.193429,41,9,3,37.771669,-119.358759,261201.10351
5.06141,29,10,1,40.722461,-114.50566,407031.391945
3.329363,25,9,8,36.386776,-119.336878,332982.387285
6.93585,11,2,1,40.060868,-122.18444,368562.008686
3.76023,19,3,8,37.873679,-116.38825,264042.834303
7.906687,37,2,5,39.863574,-115.855531,437520.527211
12.427858,3,8,4,41.902869,-123.424627,798899.971654
11.39451,20,1,8,34.996745,-115.446904,580423.800599
13.046712,8,4,4,40.201676,-118.326799,731398.684111
10.805932,41,7,3,38.353436,-116.259082,685149.58655
12.178887,37,6,5,38.170148,-122.732038,760344.36564
4.743203,37,5,2,33.788095,-116.624012,319819.772311
1.359645,18,3,3,34.871934,-117.030354,177830.43027
11.541367,44,7,8,33.850631,-117.859779,701849.632078
5.939999,5,2,7,37.398328,-121.57863,412133.561409
5.851532,32,6,1,40.754624,-115.604743,357890.765809
14.596179,41,6,2,40.05894,-120.323983,878121.808008
12.460291,32,5,6,40.369264,-120.953571,724807.914026
8.709061,32,6,1,32.936458,-117.925115,575123.267886
0.73608,11,8,8,32.506421,-114.440666,147535.82064
10.484582,9,5,3,40.807022,-115.295752,589063.098453
5.726313,6,6,3,32.991979,-117.931155,427914.486347
11.450866,28,2,2,32.51032,-119.49353,595813.279204
3.779767,44,8,1,32.576594,-120.892471,275047.728615
12.974934,45,3,8,33.172869,-120.477766,735323.038176
1.985194,21,6,5,33.802728,-116.378665,236075.480099
2.43062,44,3,2,37.539829,-124.411015,200533.021316
6.881442,47,4,3,41.238994,-118.031202,412810.486944
3.650048,7,3,2,38.100952,-120.467665,311327.271055
5.060303,9,4,5,38.623895,-121.894246,356615.056176
10.957105,19,1,5,34.451734,-118.127268,569219.902327
6.18039,42,1,4,37.201433,-123.316192,349977.754127
9.111982,34,1,6,41.372282,-123.11418,536680.500394
8.741516,24,9,3,39.745896,-114.478244,610112.504922
0.741996,5,1,5,34.549558,-114.812917,141467.799695
6.270638,19,9,7,36.523965,-120.276087,476085.628831
8.296003,10,5,2,35.444115,-119.131301,490119.899396
12.216871,35,6,7,38.071153,-116.486147,730327.503298
9.825741,20,7,4,33.050106,-123.594766,608735.408861
7.073892,39,1,5,38.827756,-117.59045,363759.190364
0.683642,9,1,3,37.215923,-120.859596,93404.384245
12.42635,17,3,6,33.705841,-116.298198,675693.948641
13.353014,50,1,6,40.167525,-121.644204,661037.898912
10.828687,37,2,8,36.824379,-120.718699,596895.350576
8.719849,24,3,5,39.846625,-115.110182,527404.493156
2.172337,48,9,1,32.91836,-115.439251,217071.995036
7.340587,25,3,3,41.346021,-115.496405,445815.82885
13.752241,48,7,4,35.557119,-120.129306,819640.842143
4.43324,5,10,6,33.634309,-117.43008,344429.214909
3.736183,34,1,7,33.154801,-119.616511,210039.837062
12.750274,21,2,8,32.575707,-122.392953,707394.374082
4.906685,40,4,8,35.998599,-114.295494,373112.961626
11.750346,47,9,4,33.930381,-114.709826,674408.325598
8.352405,41,1,6,32.513889,-117.59831,494020.848778
11.044618,7,4,4,36.48825,-114.407557,693986.823597
2.564416,18,2,1,41.252107,-115.078482,195196.721849
10.66228,24,8,2,38.017321,-119.193008,680835.568003
6.218094,38,10,1,36.632337,-114.375708,435581.873474
4.284369,21,7,6,35.521548,-121.644463,295187.19358
3.439333,50,10,2,33.9764,-122.774063,313572.161244
6.394432,35,6,4,36.793212,-119.634861,459469.818566
1.811103,52,5,1,34.542698,-115.505981,139387.529737
10.811782,23,7,1,38.933242,-121.768249,712156.762041
0.95069,26,8,4,33.39989,-123.429973,209915.474278
2.261072,4,4,3,34.382264,-120.293891,227682.126204
14.094836,6,10,5,41.215572,-123.712635,921457.942613
3.36738,42,8,3,33.373797,-115.603608,324257.720849
2.276651,30,1,3,41.279251,-119.951858,183275.634713
7.693833,25,7,3,35.862461,-114.962806,483689.826902
6.967166,10,1,4,38.649145,-119.261638,443636.157416
7.445948,6,5,7,33.803742,-122.405693,517762.651622
8.124304,41,9,1,41.899334,-116.289884,529626.410984
8.395508,32,6,6,36.189622,-122.611933,507663.156733
3.675793,52,5,1,40.182212,-119.547314,253532.939267
8.967839,15,3,2,34.854642,-121.967896,530260.906459
11.97294,48,1,4,37.969075,-114.182021,625489.252161
14.060487,12,3,4,38.128935,-116.034793,802787.00636
13.75271,2,6,3,37.849534,-122.523547,857436.12104
13.283582,32,9,5,34.167789,-124.101381,761795.89768
9.22411,2,9,8,32.506493,-114.86209,588351.938335
2.392098,46,3,6,33.065782,-122.949024,203074.534173
2.553964,8,9,6,41.625308,-120.577297,325890.521347
6.236136,7,6,5,35.56473,-114.253463,453542.002542
6.834592,41,8,6,34.154925,-114.3282,486585.639829
13.968256,51,6,4,38.822551,-115.948231,782751.210815
11.142927,19,3,3,39.423894,-114.537725,678516.165985
6.178221,50,10,1,34.229777,-121.158722,484791.742577
9.365027,41,10,2,41.398534,-123.023245,642285.68281
3.950941,21,3,2,40.305787,-117.464742,295975.644713
5.368367,1,5,4,34.870638,-123.788155,353584.144154
2.066502,1,1,7,36.663091,-120.093641,131458.94429
6.503278,25,6,7,33.463571,-119.465363,471068.972047
9.939059,44,4,3,36.78723,-116.108457,526294.228654
0.791131,17,2,2,35.747178,-115.176722,71146.999491
1.587535,6,6,8,39.192794,-119.971105,213740.267527
9.306106,28,3,1,33.461949,-122.34172,506303.725759
10.609352,47,9,5,38.77568,-121.377293,624559.19214
6.197082,36,8,3,33.017796,-124.459936,396616.935931
12.446511,41,10,8,34.396911,-124.229775,738908.769169
4.731266,6,8,2,35.429357,-120.326593,378472.981212
10.085081,6,9,7,34.256372,-115.202327,646194.216493
6.963741,17,8,8,35.002308,-115.710673,492111.708791
2.691395,45,2,2,38.847341,-116.014108,177468.415287
11.468625,15,9,1,40.487573,-115.906745,715794.457493
8.264959,31,10,4,37.024492,-123.670972,608025.670134
10.857433,33,10,3,33.642678,-116.549518,663659.547281
14.773336,14,4,3,32.905421,-123.677131,847979.346935
3.42783,41,3,5,35.53762,-116.865418,267625.866973
1.761898,36,7,6,40.63793,-119.043274,245811.091078
0.679275,45,10,7,33.568929,-122.928756,188123.142706
8.948818,7,2,2,39.964583,-115.39151,555954.478463
13.229457,17,7,8,37.934221,-119.533011,754192.822816
6.343122,40,10,7,32.868434,-115.159471,450305.507573
3.9449,48,8,5,41.021798,-124.287555,350983.592531
4.894297,18,8,2,41.738718,-122.106447,361762.894752
11.283993,50,6,5,39.423594,-118.147719,620128.33503
6.904891,27,8,6,40.299665,-119.089668,443641.794264
5.011285,33,7,3,39.914906,-118.994995,374931.47996
3.019192,13,1,4,32.814175,-123.969128,192497.108178
3.387092,24,8,7,38.536393,-123.199335,256410.919238
5.900768,39,8,3,41.624944,-119.516886,426671.772061
5.491611,17,2,5,32.76078,-123.978664,375462.682659
11.807537,14,4,4,38.938105,-121.674622,672327.56965
0.790759,50,1,8,41.159397,-117.702599,86652.145049
0.622724,17,10,5,39.271035,-117.051634,170174.055822
13.484503,23,8,5,34.572986,-121.327477,810788.939833
9.542288,38,2,1,37.35938,-117.545268,566442.795009
5.926332,42,10,5,35.335521,-123.364902,401700.30539
14.831234,41,6,5,34.980896,-117.033515,882299.079768
4.832471,10,9,4,41.047027,-116.042987,424859.924445
9.200483,43,6,3,39.35219,-117.618294,610271.059958
4.261681,27,7,7,39.498955,-118.378251,383059.423009
12.332213,22,4,8,41.112002,-117.445381,704342.135561
12.758579,43,9,3,35.290949,-119.556801,798520.839157
11.015206,36,3,6,38.717129,-122.166338,591093.092539
13.135767,27,6,6,34.975313,-121.412463,800409.738821
7.32278,41,10,2,36.986087,-122.45729,477620.593719
10.370118,34,5,7,33.013589,-115.530482,575242.425917
3.404301,27,10,8,33.860629,-115.444864,294750.726911
1.671766,22,3,6,38.52774,-124.450508,135941.08622
11.537303,11,10,3,37.150982,-116.482524,700169.284376
9.409956,41,7,7,36.575742,-119.487297,534464.713758
8.239848,47,6,1,40.974061,-116.553099,513595.778557
0.759784,1,4,4,39.088485,-120.884327,98382.280043
6.061482,38,5,3,33.120227,-124.019957,438920.437505
7.110932,34,10,6,36.61982,-117.288808,471925.543013
14.944014,32,6,4,34.066393,-114.977611,884401.531684
0.777309,15,3,4,39.473728,-118.308225,84263.924189
5.815576,42,1,7,40.827169,-121.814214,335252.143419
1.204511,4,2,1,32.958233,-123.284207,126656.978895
2.292128,17,8,3,34.452202,-117.29973,203036.854806
6.602636,7,9,5,38.416579,-117.142373,476514.375177
13.530018,33,10,2,35.185714,-116.260019,829774.806319
9.330526,50,5,4,35.900257,-120.19756,517563.659863
8.448012,14,8,6,34.7278,-124.366131,520300.883953
2.101248,37,8,3,41.519737,-116.314975,190067.221363
10.991856,17,4,8,41.892326,-121.391767,635520.535724
1.947229,12,1,5,35.922039,-117.393951,145960.970637
2.180565,49,1,1,40.593988,-117.534772,113579.477636
5.684147,29,10,5,40.845518,-123.524011,471203.778954
3.151607,26,7,8,35.082414,-120.449987,313647.507804
12.098537,42,3,2,33.75886,-116.872683,718083.767052
12.743073,7,7,8,40.121515,-117.376872,735779.706054
6.006386,23,10,1,40.69447,-115.260522,481547.163471
13.430561,31,8,2,40.932142,-119.872777,758361.65465
9.997117,1,9,4,41.790008,-117.466634,641185.914177
8.084996,45,10,2,36.612055,-116.870154,549942.767732
10.123804,42,7,3,40.470814,-118.637386,667969.362476
1.291209,42,3,8,40.592776,-115.371136,87046.974248
7.628895,16,6,5,32.978332,-122.161582,509776.481482
6.347516,16,2,8,36.719794,-118.483133,342177.78617
7.727614,21,2,8,39.57977,-124.313424,440224.665897
1.019563,36,1,2,40.021941,-114.386702,108731.962242
13.406608,36,4,8,41.528374,-120.684904,705757.921331
3.732313,30,6,8,39.308252,-120.685407,288868.895617
1.912837,43,4,1,35.742893,-115.786219,218585.218345
4.733762,34,6,2,32.934892,-122.776369,305733.018732
10.894414,47,7,2,34.915748,-122.442825,617295.280737
12.856818,14,8,4,39.309485,-123.36846,773287.934513
13.936085,44,10,2,39.835379,-119.769702,860649.9195
14.36476,9,8,1,37.538461,-123.989998,903268.828083
12.662834,31,9,3,39.072268,-122.676672,807166.11541
2.001532,43,10,6,37.289046,-120.461042,296526.676021
13.780699,49,4,5,36.279765,-120.899983,741952.304206
12.169554,9,7,5,40.509207,-118.748037,719368.779509
11.18387,36,4,4,34.492271,-116.998962,657854.629732
13.857281,9,3,6,39.248351,-116.511862,780592.071145
8.950691,43,7,5,40.836034,-120.064943,511311.60151
2.043822,25,3,1,38.867415,-122.401025,200709.601867
2.833563,19,5,3,40.474127,-117.248754,221692.206596
11.427112,3,6,8,33.47356,-115.385629,715804.848017
13.040202,48,9,7,34.757157,-116.264775,815892.275249
4.67076,43,1,7,36.181769,-114.454629,321620.272206
5.033483,36,1,1,39.564865,-122.367584,332559.146132
12.976449,29,4,6,39.673523,-118.760541,742661.147729
11.754128,13,5,8,34.185546,-117.332082,659904.058153
3.020029,33,2,7,32.886025,-121.569321,184925.409531
2.833468,17,1,6,36.930148,-114.656308,149167.458932
13.965109,39,1,5,37.160234,-118.486892,726564.008816
11.868456,21,9,4,41.591383,-119.033634,769548.623934
2.810872,35,9,7,33.373483,-122.17742,252378.981019
5.312311,24,5,4,41.527929,-118.008054,361101.268874
8.639353,49,1,2,38.854915,-119.820494,509917.295849
9.398666,40,4,1,38.984238,-121.130161,589526.54303
14.202321,25,5,5,32.734704,-119.072888,834665.482229
7.957481,33,8,8,32.916591,-115.068043,496625.288793
7.951473,7,3,1,38.455864,-122.286795,493025.098391
3.591039,44,7,2,34.453006,-115.798139,329415.673171
11.249938,28,2,3,32.725653,-116.972883,576285.531475
1.562096,12,5,2,37.962142,-122.109721,157969.595899
6.126473,41,7,7,35.50584,-120.41023,381654.226163
0.585534,47,10,2,39.681626,-118.351116,195864.903138
1.552547,33,2,5,39.975473,-121.335818,93777.872144
11.596476,29,7,7,40.310163,-124.176399,664956.147415
3.688053,48,7,5,41.621276,-122.987207,312131.554551
13.755449,51,6,1,37.75848,-118.671768,746595.965893
0.572933,39,7,2,35.394566,-116.642886,183501.287597
5.485849,27,9,3,34.029066,-122.181726,452267.286687
3.31773,12,10,1,40.588183,-114.710116,379317.805043
7.188345,36,2,5,38.88101,-121.86778,385159.009245
8.918637,22,6,3,38.877308,-122.037405,535445.564388
1.512229,13,6,8,36.781137,-118.028404,171678.998941
8.970464,37,10,6,40.173148,-114.434081,566887.151091
5.041614,51,4,7,35.128458,-120.725397,342538.717985
5.307663,31,8,8,35.908045,-121.292546,401050.332616
3.048667,39,2,5,40.65778,-123.029982,210795.153708
4.316902,41,2,2,40.974999,-115.579334,282507.749446
12.283315,38,7,4,41.109884,-118.708263,733512.682392
14.981559,31,3,6,36.228734,-115.139906,828538.025478
12.92888,9,8,2,36.269459,-119.227244,804211.848938
12.795737,52,10,3,39.693458,-123.026108,749709.091791
8.71218,37,3,8,41.422165,-124.075592,529256.237783
3.860374,17,6,4,32.90668,-122.328872,347291.309257
5.738145,31,8,1,32.879095,-117.69049,377729.75129
14.5424,41,5,5,37.996999,-118.513318,804285.956954
5.988518,38,2,5,36.075123,-114.973955,356063.078217
5.617021,23,8,8,40.928133,-124.430724,453554.474319
6.878531,15,2,5,34.509412,-122.53749,396648.844422
10.900889,8,4,7,40.20614,-116.937316,637196.114939
7.442812,14,10,3,38.648963,-120.185558,509507.630742
2.354334,38,3,3,38.480634,-124.088496,191943.629923
1.310724,17,3,7,38.193896,-118.582151,94898.203564
10.933436,43,5,2,34.557637,-118.131478,632313.145491
7.484192,15,7,3,40.048853,-115.885242,468898.015187
10.064907,17,3,6,41.262343,-118.2364,537629.639704
5.984065,9,2,1,34.422311,-115.474287,369139.202607
6.587028,10,10,2,34.185511,-115.033114,504332.779687
13.227413,35,9,2,33.385305,-117.576378,842069.125572
8.319647,1,7,7,36.018586,-124.043898,552464.001894
3.827551,52,8,7,35.829919,-116.051479,352163.43766
12.639262,37,2,7,33.77189,-119.490017,660714.389062
12.956272,19,10,7,34.949147,-124.442571,832678.168136
0.603154,34,2,1,36.062784,-122.343104,117586.415286
6.428254,7,3,7,38.689971,-121.836856,439410.392627
6.641642,24,10,5,41.922087,-120.326731,460451.466119
8.505522,36,8,3,36.017023,-118.673431,528653.864544
4.94647,23,7,3,40.62249,-117.57753,394604.919508
6.975626,45,3,2,34.537352,-120.29411,396125.084631
8.483355,45,1,3,36.196485,-117.823296,494104.686089
12.437204,31,10,7,33.337337,-121.737534,763443.712604
9.330918,47,7,7,38.332673,-119.029442,598206.483171
9.163352,50,3,8,36.670234,-122.382074,534856.022271
12.156694,19,4,1,39.947615,-119.139248,716179.67326
9.420255,44,1,6,34.772938,-124.496984,476757.226085
14.953849,50,7,6,38.861789,-120.242765,826723.488312
0.722815,46,2,2,37.72113,-116.875544,93052.136695
8.95252,23,5,4,38.260452,-122.457485,589097.384081
8.836147,17,3,7,37.309262,-118.634378,519624.266625
5.429505,8,9,5,40.823074,-115.961953,432964.637877
10.565782,25,10,8,39.814688,-116.546531,731912.97253
7.153302,30,10,1,37.078717,-121.792892,500932.424592
11.935512,15,4,6,36.418047,-120.792489,690840.79074
10.661869,17,4,5,33.38359,-117.426172,654700.918949
1.602418,12,8,6,35.85861,-115.109679,197028.478247
14.233213,44,4,8,39.502566,-122.033956,761866.301784
4.348378,15,4,4,40.44518,-120.761713,335812.748052
2.238238,6,8,1,39.76032,-118.814523,209138.212673
7.493235,40,6,8,41.032151,-115.249634,484113.687995
4.483629,12,9,5,36.279855,-116.623221,339006.045015
8.123164,28,8,1,37.273515,-120.365972,556792.064653
3.034605,8,9,8,35.498687,-124.411605,323140.556044
6.001706,7,6,6,38.321392,-121.773142,423441.640038
3.938518,31,10,6,35.976279,-119.262915,322479.148211
10.660333,24,6,7,35.156481,-122.611163,606130.56665
8.850445,15,2,5,40.138832,-118.66893,544653.123874
3.342917,52,3,8,40.153849,-122.645624,227105.632611
14.935646,41,9,6,39.960663,-121.349641,890496.145207
8.733601,26,2,3,33.070346,-115.95491,495333.992435
9.633002,29,6,5,35.929139,-118.616325,632334.557578
4.236865,2,7,2,35.83536,-117.364349,355400.853239
8.864379,42,9,3,41.804045,-121.511608,562727.978668
7.901446,50,8,2,36.120174,-121.491502,529243.519048
2.600301,11,6,7,38.497097,-118.497805,281405.127194
1.534489,11,6,4,35.47808,-117.643362,214267.798512
9.278082,26,5,8,39.919253,-114.642917,585693.649848
8.053568,29,7,3,34.246919,-124.257439,544955.641643
10.099327,48,2,4,34.085649,-123.418402,511345.589959
13.241019,36,1,1,39.82387,-118.998181,755652.323138
2.006962,40,3,2,38.72091,-115.202551,147285.165355
4.08725,19,8,3,33.747133,-115.695563,293719.629302
10.121462,21,8,8,41.762325,-118.823866,618814.542761
6.950252,45,9,3,38.112894,-119.706294,507903.760157
13.220759,28,9,5,41.13477,-119.442657,777750.794465
1.798533,20,6,7,34.968167,-121.312484,151935.884639
12.323007,9,6,5,36.957381,-124.41267,775859.189574
14.230884,31,5,1,39.775757,-116.12137,815744.575223
12.053127,36,6,4,36.411491,-118.614179,696131.557962
2.867408,48,7,7,34.595628,-123.668298,265902.701426
7.990846,52,10,5,35.20443,-116.699268,574423.16491
6.487106,5,3,3,35.251155,-117.812627,419628.24139
4.445945,40,8,4,35.546115,-122.902432,395268.871763
0.820898,7,5,5,33.687872,-119.896625,98365.308935
1.807856,1,8,4,35.748172,-121.228445,265839.035194
14.97047,30,1,6,33.262119,-116.619019,760132.282572
4.364302,26,2,8,34.225236,-115.095161,254223.046653
6.032872,1,2,4,36.15558,-114.262792,349859.819111
14.920763,13,8,2,37.450822,-114.187784,882820.704499
10.380914,20,6,3,38.47706,-124.057048,674787.792363
8.053431,17,8,5,34.387875,-115.181044,576537.316575
3.65793,8,4,7,35.582878,-122.742716,254506.504384
2.234919,51,4,1,41.703932,-118.398691,203321.091456
10.481895,10,6,2,34.862861,-119.250848,659689.214376
5.40712,49,1,1,35.877418,-122.883856,311491.332578
2.057179,32,4,6,41.825919,-116.220101,210528.70232
12.180118,29,4,1,39.047875,-120.739241,655979.117376
13.530614,32,8,5,37.655974,-119.354034,813200.873397
8.382498,21,8,5,40.742787,-118.213861,590680.986089
2.824979,34,3,8,35.30889,-121.734833,196960.2207
0.510438,41,9,7,39.469749,-115.22921,174995.360657
5.77909,40,4,6,39.349534,-117.587961,370850.152159
6.118617,34,8,3,38.323873,-121.1127,449021.242979
2.10173,34,2,1,40.434337,-123.13737,199435.777758
3.430146,32,4,2,32.802263,-117.761607,242367.181951
7.60369,40,10,5,32.966313,-122.182411,551969.019457
0.689749,14,8,2,36.946562,-117.791374,159580.055113
11.280423,27,6,1,40.324608,-121.708936,626586.465227
1.520628,20,2,4,41.625574,-123.480248,162548.593281
8.209085,13,4,4,37.915263,-114.551215,507796.598001
8.593053,48,2,6,38.907679,-117.123221,472360.149029
2.009485,51,3,7,37.294581,-117.595915,164364.297698
9.198778,23,6,6,40.526113,-120.170395,583762.982219
12.479247,21,10,4,37.849875,-122.253755,810033.171963
13.92913,17,6,8,36.751248,-120.330549,832587.827834
14.752869,39,1,3,41.937414,-121.330663,760176.846173
3.717357,21,1,5,41.231565,-119.131649,244434.670507
8.788372,7,1,8,35.87873,-123.046714,484626.889303
8.941258,15,5,5,33.373099,-120.302118,591351.080334
11.146856,47,6,8,34.142574,-115.830095,674802.310105
8.855371,7,10,5,32.85503,-116.012418,597423.16105
11.811768,50,6,6,40.858029,-119.939804,730613.008394
2.247838,50,4,1,38.521927,-117.861967,140804.694877
8.103559,21,9,3,35.6049,-117.173429,517997.69826
10.267711,26,8,2,34.609813,-121.457278,635817.790388
2.416741,6,8,1,37.707448,-121.743141,253689.753737
6.800121,45,3,3,37.068764,-122.41986,393037.930358
8.784295,36,10,4,34.801993,-121.704301,584221.323113
10.428701,37,2,2,38.881602,-120.052824,561765.835685
5.150706,39,1,5,34.107925,-120.827978,332193.705326
12.140542,40,3,8,32.926337,-115.909195,642995.621361
5.920401,49,2,2,39.526025,-121.947993,357620.294259
2.641318,19,1,6,39.091055,-123.331581,179572.057064
0.829848,14,9,4,34.436113,-119.005708,168358.200343
7.503882,47,3,1,36.077763,-114.986577,440374.009053
4.204117,4,5,4,39.997291,-118.01137,273514.374866
9.993989,1,2,7,38.773542,-117.538693,614486.328035
5.723178,7,1,5,40.740399,-117.681183,317775.762014
6.020167,46,2,6,37.10429,-118.230383,310810.416882
3.38369,30,9,1,32.877648,-114.816164,292677.252294
7.604026,48,3,1,35.794409,-120.804913,454724.397025
3.924969,33,5,1,38.445027,-115.273889,328788.658608
12.31545,2,9,5,34.643036,-120.911245,762057.159667
2.49028,47,7,4,36.464667,-118.484565,227660.499701
5.02955,39,6,8,37.651221,-122.329049,317835.15268
8.34963,52,4,3,35.435485,-117.096068,491862.04835
2.461161,50,3,3,35.516214,-118.647927,228918.206416
2.216616,21,3,1,39.771633,-115.258615,177734.815542
6.463151,29,5,3,39.901525,-123.3789,387132.199657
11.555489,40,10,5,38.253243,-118.070199,737410.519262
3.848229,2,6,2,39.037342,-119.495677,313643.908745
9.268321,46,6,3,40.59523,-119.339821,526167.322234
3.302268,3,7,1,41.291633,-114.522921,269868.821238
10.234417,13,4,2,34.182243,-114.47566,597149.370282
9.447361,45,6,8,40.932076,-120.010665,599489.521913
9.314984,25,6,7,38.309296,-116.704088,584629.780139
8.115843,46,1,2,36.790291,-115.816394,399033.741601
14.939627,34,9,7,41.846391,-124.087858,876721.135192
11.594818,4,4,5,36.675762,-115.213825,703108.601253
4.645762,11,7,5,38.324776,-123.92726,362485.065027
2.562474,42,8,2,39.365145,-123.311698,280996.814188
14.098716,45,9,3,36.234134,-121.10366,792927.011279
7.078371,46,4,8,33.356707,-121.097215,443776.193028
10.816311,11,2,2,33.584567,-119.781317,595609.888916
8.095351,25,9,3,36.097447,-120.503626,577093.582378
13.727665,37,3,3,40.753776,-122.621899,775087.998788
6.583935,20,8,5,38.451302,-123.265683,428353.853181
3.44135,40,5,1,36.857105,-115.518184,266417.61596
0.583383,32,4,4,38.094192,-119.505024,102184.286571
1.651371,39,1,4,40.880595,-121.579814,137932.092555
12.39176,14,1,3,33.908434,-117.640593,628260.105182
12.880525,43,10,5,35.645555,-123.579122,753415.014573
14.90916,11,5,3,41.679786,-116.631985,835976.864759
1.019681,50,5,6,36.00141,-120.521137,92750.717782
6.696196,36,2,5,36.97276,-123.218756,426750.594106
5.273524,27,9,4,39.11038,-118.073436,369106.423444
11.081064,41,9,2,37.094798,-117.26913,734942.367479
14.801037,19,7,6,34.96677,-118.461002,876876.264666
13.943028,40,10,8,37.437205,-117.865495,846401.845372
3.108655,40,4,5,41.802948,-124.4834,185831.429752
9.569181,8,4,7,36.433391,-120.995181,578500.600492
9.743801,1,4,5,34.916966,-123.787721,564718.449458
8.474907,50,1,2,39.01544,-120.915703,483185.014281
9.431903,2,3,4,35.639891,-120.951663,573842.445737
13.784364,52,1,3,37.074207,-117.914395,764424.032679
8.286029,22,8,7,41.314005,-123.911766,551408.772439
8.691668,44,6,1,34.478493,-117.30232,564536.933349
13.376427,23,2,3,35.16437,-124.172682,779683.226887
9.584407,11,10,7,34.2801,-123.273131,671954.74371
4.970081,21,1,5,36.431761,-119.280928,273768.274627
7.052642,20,4,5,34.162621,-120.570735,394371.603606
3.430427,6,8,1,40.09074,-114.997964,279929.127719
5.431681,31,9,5,39.867565,-122.995402,451263.948544
12.421009,34,3,4,39.383421,-119.676632,711418.18904
8.074001,1,5,1,39.026997,-118.25998,471907.639159
7.269701,3,2,5,32.713562,-116.535815,449870.135204
3.542762,13,4,5,35.128171,-121.148927,262749.662275
2.205937,10,3,5,33.587374,-114.43787,197259.426355
1.984442,35,6,6,35.074995,-114.595583,234122.383846
8.824203,11,2,5,38.325997,-120.943242,504074.913834
2.386073,31,1,2,36.144197,-123.595744,154995.326065
10.717825,38,8,6,35.468186,-115.916859,684181.118473
10.227619,35,2,8,37.893998,-123.52438,598115.999814
10.629691,7,8,5,39.002541,-117.042733,670524.206423
3.859566,15,3,5,41.172185,-120.383192,291439.762108
10.145119,51,6,8,37.131314,-123.813665,565044.65573
7.440455,11,5,6,38.242182,-123.162363,436815.971031
12.354517,51,2,6,37.783424,-123.755298,646437.662655
7.184135,38,7,4,38.398311,-118.746535,521595.923122
6.065339,22,4,7,39.950983,-119.928786,418999.627059
8.39564,16,3,2,39.523987,-117.024957,531456.819385
2.157681,39,8,6,37.773333,-115.868758,202001.45022
14.36031,5,10,2,39.012332,-118.237743,917502.072876
5.24742,42,1,2,34.567312,-123.041374,311447.789158
11.447333,52,1,3,38.778373,-119.743769,587516.97535
9.425796,29,4,4,38.974409,-121.175724,561817.440786
13.741462,20,7,6,41.907748,-118.381367,822222.175617
7.901146,9,5,1,36.007617,-118.736706,455870.031118
10.698635,23,2,5,40.723957,-122.029968,617653.938227
6.216891,21,7,7,36.124868,-118.776253,450593.306031
7.385635,13,9,7,40.511613,-120.716977,512505.299481
4.682828,43,3,3,32.610226,-117.691913,263040.988646
13.330886,43,7,3,33.304303,-117.75645,770629.846628
7.112415,51,10,7,38.420861,-119.728859,492533.218457
12.391036,25,6,4,34.265015,-118.151981,736845.650078
12.778656,16,9,5,36.402959,-118.765254,775629.802525
14.684385,37,8,6,33.575062,-119.443904,880768.976486
2.560268,47,9,5,36.916895,-123.678537,301504.94783
1.782472,31,2,5,38.323872,-115.012355,151126.926162
0.656359,30,9,8,37.95267,-121.019103,161109.404167
14.677527,19,5,3,32.835599,-114.809923,859318.877938
11.04109,37,5,1,38.478351,-118.429519,650840.499545
10.016638,19,10,1,35.224749,-123.633643,661891.510931
12.845956,18,5,3,38.350079,-121.61022,718993.372059
11.250723,39,3,3,38.761979,-120.617448,596576.086499
11.846652,16,8,3,40.094034,-115.448849,714617.399534
1.723821,10,10,3,40.457335,-116.596006,242485.837653
6.055921,43,8,3,34.503139,-116.789208,411803.621946
9.812786,49,2,1,34.092204,-120.31318,520276.012995
11.319183,49,9,4,36.108108,-117.091118,696918.108076
2.604673,28,1,5,41.308614,-119.787383,196082.990525
14.445559,44,1,2,41.218265,-117.807046,807896.315589
6.760895,42,5,6,35.068098,-116.075678,402579.141891
8.970564,30,4,4,37.439547,-117.383959,580849.6847
5.042413,1,1,2,32.613633,-123.474163,274011.378478
6.966162,15,5,5,34.334256,-124.251145,410002.228258
14.108329,43,4,2,39.226714,-123.24024,817560.532431
2.383655,43,10,3,41.012015,-117.195637,243016.323889
7.270856,5,8,5,39.808912,-117.231674,523800.720213
11.666734,17,3,2,35.134231,-123.844933,649695.742773
14.941399,17,5,3,36.685461,-119.336921,891428.579823
9.349377,12,8,2,33.86679,-116.428573,579307.49982
9.828403,29,5,2,32.831178,-123.760671,609674.665149
11.769939,2,8,3,38.702221,-124.49089,687280.513275
6.162015,10,6,7,37.959082,-119.088478,469091.857323
7.614852,28,7,2,37.631223,-124.465273,546158.134593
12.360662,31,2,6,35.667677,-121.320305,632052.567318
14.956729,42,2,6,37.57895,-114.410282,758882.128467
7.164771,50,5,4,34.177874,-124.087023,431654.917516
3.269546,45,7,2,38.490862,-120.727758,233463.548467
9.675473,48,4,3,32.839134,-124.233672,607412.005965
3.958034,25,2,5,37.246999,-114.367985,290579.508679
14.515325,2,1,6,33.032517,-116.228325,741047.703345
2.213713,52,9,8,41.430853,-115.3629,246341.789336
11.245247,15,2,1,39.486867,-119.366606,580668.650687
13.654094,40,1,4,39.16232,-123.129354,691929.600896
1.224391,20,2,8,38.306646,-115.728802,81615.311533
12.353321,8,8,4,33.099546,-122.372268,743400.361023
12.620491,48,7,6,33.647623,-117.317072,745613.029651
5.163053,51,4,1,38.13431,-120.977211,292727.198955
2.547934,27,3,6,37.757373,-119.894057,242464.25306
1.090134,7,10,7,39.887786,-124.335882,219703.447482
0.592069,12,2,5,36.454111,-116.022176,124859.720853
10.539196,14,3,5,37.469325,-120.173671,649768.761045
9.352801,3,10,3,39.313388,-118.073477,594942.169365
12.484012,20,6,7,32.543415,-122.02579,697951.382271
8.187886,7,10,6,40.695945,-114.138788,576648.375661
7.231132,41,4,5,33.004156,-123.316869,403978.341698
12.734835,31,8,3,34.017716,-114.811933,722644.511433
5.7808,14,7,5,35.675799,-116.045886,441880.802083
1.128103,48,1,3,34.001433,-124.194815,95895.521761
1.527463,16,8,6,36.48113,-116.655589,254210.425688
3.835917,8,6,4,33.431609,-116.753647,346784.480295
5.94522,15,2,8,38.058376,-123.929437,357347.506057
3.634395,40,8,3,36.179638,-123.067752,329701.871612
9.664306,18,4,6,33.708512,-117.231789,528180.471963
2.479272,30,8,7,34.126413,-120.892452,293604.497196
9.252722,51,10,3,37.992154,-118.696066,580106.329452
6.469594,34,8,4,38.120018,-115.711615,430396.787834
11.085257,48,4,4,35.609311,-118.415596,667445.112814
9.080689,10,10,1,36.468833,-124.035646,668161.800353
11.135406,33,1,7,37.545656,-119.467672,632072.051447
12.408724,29,8,4,33.289369,-116.592674,771252.1839
6.395962,14,3,6,35.310009,-117.699778,357871.050494
7.456853,20,3,8,40.65026,-116.65349,401283.997373
7.095192,50,3,7,34.256985,-115.348706,428440.695648
10.70658,1,2,7,40.987627,-121.004486,562100.417541
6.675583,18,10,4,39.983073,-123.64993,532863.874796
11.168531,4,9,6,40.93579,-123.334851,700985.635895
9.477435,24,6,3,38.65764,-117.098827,589947.570855
11.716845,9,6,4,37.626521,-117.685097,727080.256457
11.408019,45,4,4,35.544406,-115.071703,646257.547215
6.632472,4,2,6,35.779653,-119.394617,406291.859911
2.279287,46,9,5,36.793795,-120.634469,266294.997964
10.551735,5,4,8,33.329433,-120.397834,590967.932051
14.394719,5,2,3,35.121456,-117.180638,790868.823498
13.187401,34,1,5,36.457098,-117.334765,747542.197223
7.371621,27,8,1,35.26941,-123.83903,538260.420077
3.868757,34,6,7,37.997694,-117.614515,327120.286292
7.549152,43,9,8,36.851067,-118.543858,553785.792286
4.944178,51,5,4,37.10031,-114.307397,358683.873712
1.186125,23,5,8,41.584032,-118.004383,123885.238248
8.262092,12,3,3,34.03192,-123.272368,542481.903806
8.830615,29,5,6,34.252718,-118.593884,490499.658865
5.095685,23,3,6,36.760076,-114.25761,332648.545737
2.261605,2,7,8,39.800923,-114.548215,288861.378973
2.762772,48,9,6,38.648818,-121.396653,311736.345456
14.559281,49,10,3,40.095974,-116.85029,915693.26017
5.410924,8,8,1,33.824521,-118.71492,393354.420077
6.323634,15,8,6,33.378571,-123.922147,468812.965279
8.959756,15,5,4,32.714212,-118.846671,545033.608194
10.237588,6,9,7,34.347275,-121.163543,677387.182185
14.179331,43,6,7,33.905486,-115.535057,796429.546711
5.906052,19,6,6,35.426811,-119.821452,413905.901114
3.62758,29,7,8,35.242023,-116.040436,347915.06732
6.645567,27,3,2,33.864573,-121.316073,453616.59279
8.116865,22,2,7,33.340259,-120.200663,510284.29963
6.510453,36,8,3,34.392947,-115.761021,432468.966655
7.613491,20,10,5,37.193955,-116.731512,513126.572155
11.972683,10,5,5,41.582253,-115.740448,700888.266926
9.980288,19,7,3,37.172922,-117.277647,597989.426152
2.230643,18,8,2,38.189468,-120.701525,246580.740545
6.822993,17,8,2,36.045421,-116.803949,430404.158052
4.263289,38,1,3,35.536971,-115.277669,219714.189389
2.867978,18,6,7,38.544348,-114.470858,211270.390069
4.729129,41,2,4,39.781203,-122.575901,249407.315238
11.413113,35,6,6,40.354809,-117.307845,655262.880895
10.438934,45,6,2,37.576993,-120.807892,585818.451258
2.485767,19,6,8,36.413948,-114.830473,203091.264249
3.659205,33,4,4,40.053514,-118.63412,283425.532911
14.311181,35,9,2,36.464789,-114.881673,817715.615084
2.402866,2,8,6,35.459948,-120.69303,296847.170328
13.401033,39,9,6,34.135968,-121.300815,832997.671627
2.219655,9,3,4,35.420569,-122.296669,240593.706757
6.659674,49,2,2,32.678661,-119.415324,375608.447308
3.347089,3,9,1,36.956282,-114.960442,278182.599606
4.873864,1,2,2,41.240932,-122.343288,357310.686715
3.179336,23,1,2,33.882791,-116.664921,187204.366046
8.906395,23,3,4,37.296638,-123.782461,551778.400483
11.567038,34,4,4,41.660506,-122.696379,684753.687115
0.562769,47,2,4,41.244533,-115.561383,76110.00038
10.622927,12,8,2,34.218061,-120.774365,659107.855669
3.606973,15,7,2,39.73339,-121.200057,303438.819601
8.03605,32,6,5,37.792755,-124.07361,490614.040733
2.177978,19,8,5,39.026942,-115.668553,217986.242973
6.405592,28,4,2,41.000169,-116.074418,448187.800174
5.8279,1,8,2,36.265513,-119.012045,454546.86644
2.228659,26,7,2,39.543606,-115.12951,199305.271117
5.773795,13,6,4,38.152128,-114.098056,366465.96677
12.652582,47,8,5,39.765762,-116.457292,764494.097054
11.466393,52,7,6,37.02035,-118.166763,671764.009919
7.525726,18,3,8,33.526348,-121.867756,453013.678213
9.61138,9,1,2,39.509084,-115.781719,537882.490866
0.887859,12,7,6,33.950998,-117.969349,132026.31286
1.6095,49,9,8,40.030948,-122.379717,230184.32333
7.60863,17,9,6,40.190075,-118.824446,481698.539264
11.577491,28,2,7,36.776097,-115.54482,633130.164623
1.021726,12,9,5,40.904652,-122.776485,196154.411788
5.030665,25,8,2,37.904125,-119.349186,390411.639869
8.32119,31,8,3,37.313508,-120.390459,546028.613045
14.577626,40,6,5,35.544586,-124.204457,785393.145207
12.635545,23,10,1,39.769343,-117.935893,778334.587774
6.708149,23,7,6,33.036268,-121.935597,431369.658843
5.025443,6,2,5,33.587477,-122.717318,326113.831276
1.041976,43,7,7,35.032879,-117.192436,173397.72336
14.793589,25,10,7,35.563003,-123.47388,896015.311757
10.517527,14,6,8,37.276301,-116.468509,624830.292483
9.415004,24,7,4,37.221041,-115.602992,621465.16087
12.685517,35,4,5,35.018973,-121.378137,722127.91932
12.166744,40,2,2,38.122714,-121.629668,668980.029479
8.200423,28,4,6,40.058692,-117.658863,474205.851461
12.159837,28,9,6,34.400731,-120.27584,764488.237597
7.071815,49,9,3,40.868517,-117.907639,488713.161506
3.204815,32,4,8,35.045392,-117.801773,273134.09787
12.865232,28,10,1,37.461561,-120.675116,764035.968882
2.681853,44,5,7,36.397472,-115.468048,263206.429742
9.691949,27,5,5,38.637405,-121.80731,591220.676968
6.385056,8,3,4,32.76319,-116.13103,382306.856782
7.538044,28,7,1,34.41891,-121.636524,449816.38676
11.950213,18,9,3,38.620791,-124.05656,768758.049752
11.842389,4,2,6,38.215198,-115.394696,704176.938497
